geo_level,geo_level_label_value,geography,geography_label_value,ind_level,industry,industry_label_value,ownercode,ownercode_label_value,race,race_label_value,ethnicity,ethnicity_label_value,firmsize,firmsize_label_value,agg_level,year_pd,n_employed,county,pop_total,pop_white,pop_black,pop_native,pop_asian,pop_hispanic,population_by_race,baseline_emp_race,recovery_index_race,jobs_per_capita
C,Counties,6001,"Alameda, CA",A,00,All NAICS Sectors,A05,All Private,A1,White Alone,A0,All Ethnicities,0,All Firm Sizes,4133,2018-01-01,360841.0,Alameda,1643700,523391,172329,5288,483067,369061,523391,363884.0,99.1637444900023,0.6894291265994257
C,Counties,6001,"Alameda, CA",A,00,All NAICS Sectors,A05,All Private,A2,Black or African American Alone,A0,All Ethnicities,0,All Firm Sizes,4133,2018-01-01,57709.0,Alameda,1643700,523391,172329,5288,483067,369061,172329,58681.0,98.34358651011401,0.33487689245570973
C,Counties,6001,"Alameda, CA",A,00,All NAICS Sectors,A05,All Private,A3,American Indian or Alaska Native Alone,A0,All Ethnicities,0,All Firm Sizes,4133,2018-01-01,7701.0,Alameda,1643700,523391,172329,5288,483067,369061,5288,8013.0,96.10632721827031,1.4563161875945536
C,Counties,6001,"Alameda, CA",A,00,All NAICS Sectors,A05,All Private,A4,Asian Alone,A0,All Ethnicities,0,All Firm Sizes,4133,2018-01-01,167632.0,Alameda,1643700,523391,172329,5288,483067,369061,483067,171851.0,97.54496627892767,0.3470160453932891
C,Counties,6013,"Contra Costa, CA",A,00,All NAICS Sectors,A05,All Private,A1,White Alone,A0,All Ethnicities,0,All Firm Sizes,4133,2018-01-01,197550.0,Contra Costa,1133247,502951,93683,2376,182135,288101,502951,198311.0,99.61625930987186,0.3927818018057425
C,Counties,6013,"Contra Costa, CA",A,00,All NAICS Sectors,A05,All Private,A2,Black or African American Alone,A0,All Ethnicities,0,All Firm Sizes,4133,2018-01-01,24567.0,Contra Costa,1133247,502951,93683,2376,182135,288101,93683,25315.0,97.04523010073079,0.26223541090699487
C,Counties,6013,"Contra Costa, CA",A,00,All NAICS Sectors,A05,All Private,A3,American Indian or Alaska Native Alone,A0,All Ethnicities,0,All Firm Sizes,4133,2018-01-01,3682.0,Contra Costa,1133247,502951,93683,2376,182135,288101,2376,3711.0,99.21853947722987,1.5496632996632997
C,Counties,6013,"Contra Costa, CA",A,00,All NAICS Sectors,A05,All Private,A4,Asian Alone,A0,All Ethnicities,0,All Firm Sizes,4133,2018-01-01,58412.0,Contra Costa,1133247,502951,93683,2376,182135,288101,182135,59839.0,97.6152676348201,0.3207071677601779
C,Counties,6041,"Marin, CA",A,00,All NAICS Sectors,A05,All Private,A1,White Alone,A0,All Ethnicities,0,All Firm Sizes,4133,2018-01-01,63818.0,Marin,260295,185809,5597,435,14815,41335,185809,63542.0,100.43435837713639,0.34346021990323394
C,Counties,6041,"Marin, CA",A,00,All NAICS Sectors,A05,All Private,A2,Black or African American Alone,A0,All Ethnicities,0,All Firm Sizes,4133,2018-01-01,5110.0,Marin,260295,185809,5597,435,14815,41335,5597,4993.0,102.34328059282996,0.9129891013042701
C,Counties,6041,"Marin, CA",A,00,All NAICS Sectors,A05,All Private,A3,American Indian or Alaska Native Alone,A0,All Ethnicities,0,All Firm Sizes,4133,2018-01-01,1079.0,Marin,260295,185809,5597,435,14815,41335,435,1070.0,100.84112149532712,2.4804597701149427
C,Counties,6041,"Marin, CA",A,00,All NAICS Sectors,A05,All Private,A4,Asian Alone,A0,All Ethnicities,0,All Firm Sizes,4133,2018-01-01,12066.0,Marin,260295,185809,5597,435,14815,41335,14815,12236.0,98.6106570774763,0.814444819439757
C,Counties,6055,"Napa, CA",A,00,All NAICS Sectors,A05,All Private,A1,White Alone,A0,All Ethnicities,0,All Firm Sizes,4133,2018-01-01,45034.0,Napa,140530,74159,2764,326,11210,47687,74159,46526.0,96.79319090401066,0.6072627732304913
C,Counties,6055,"Napa, CA",A,00,All NAICS Sectors,A05,All Private,A2,Black or African American Alone,A0,All Ethnicities,0,All Firm Sizes,4133,2018-01-01,2608.0,Napa,140530,74159,2764,326,11210,47687,2764,2817.0,92.58075967341142,0.9435600578871202
C,Counties,6055,"Napa, CA",A,00,All NAICS Sectors,A05,All Private,A3,American Indian or Alaska Native Alone,A0,All Ethnicities,0,All Firm Sizes,4133,2018-01-01,838.0,Napa,140530,74159,2764,326,11210,47687,326,878.0,95.44419134396355,2.5705521472392636
C,Counties,6055,"Napa, CA",A,00,All NAICS Sectors,A05,All Private,A4,Asian Alone,A0,All Ethnicities,0,All Firm Sizes,4133,2018-01-01,4977.0,Napa,140530,74159,2764,326,11210,47687,11210,5336.0,93.27211394302849,0.443978590544157
C,Counties,6075,"San Francisco, CA",A,00,All NAICS Sectors,A05,All Private,A1,White Alone,A0,All Ethnicities,0,All Firm Sizes,4133,2018-01-01,332267.0,San Francisco,870044,353670,43619,1363,294846,132651,353670,341944.0,97.17000444517231,0.9394831339949671
C,Counties,6075,"San Francisco, CA",A,00,All NAICS Sectors,A05,All Private,A2,Black or African American Alone,A0,All Ethnicities,0,All Firm Sizes,4133,2018-01-01,35699.0,San Francisco,870044,353670,43619,1363,294846,132651,43619,37711.0,94.66468669618943,0.8184277493752723
C,Counties,6075,"San Francisco, CA",A,00,All NAICS Sectors,A05,All Private,A3,American Indian or Alaska Native Alone,A0,All Ethnicities,0,All Firm Sizes,4133,2018-01-01,4825.0,San Francisco,870044,353670,43619,1363,294846,132651,1363,5060.0,95.35573122529645,3.5399853264856933
C,Counties,6075,"San Francisco, CA",A,00,All NAICS Sectors,A05,All Private,A4,Asian Alone,A0,All Ethnicities,0,All Firm Sizes,4133,2018-01-01,164507.0,San Francisco,870044,353670,43619,1363,294846,132651,294846,172972.0,95.10614434706196,0.5579421121534631
C,Counties,6081,"San Mateo, CA",A,00,All NAICS Sectors,A05,All Private,A1,White Alone,A0,All Ethnicities,0,All Firm Sizes,4133,2018-01-01,193968.0,San Mateo,765935,303047,16838,1151,212474,189002,303047,200685.0,96.65296359967112,0.6400591327417859
C,Counties,6081,"San Mateo, CA",A,00,All NAICS Sectors,A05,All Private,A2,Black or African American Alone,A0,All Ethnicities,0,All Firm Sizes,4133,2018-01-01,16707.0,San Mateo,765935,303047,16838,1151,212474,189002,16838,17746.0,94.1451594725572,0.9922199786197886
C,Counties,6081,"San Mateo, CA",A,00,All NAICS Sectors,A05,All Private,A3,American Indian or Alaska Native Alone,A0,All Ethnicities,0,All Firm Sizes,4133,2018-01-01,3167.0,San Mateo,765935,303047,16838,1151,212474,189002,1151,3321.0,95.36284251731406,2.751520417028671
C,Counties,6081,"San Mateo, CA",A,00,All NAICS Sectors,A05,All Private,A4,Asian Alone,A0,All Ethnicities,0,All Firm Sizes,4133,2018-01-01,109458.0,San Mateo,765935,303047,16838,1151,212474,189002,212474,116318.0,94.10237452500903,0.5151595018684639
C,Counties,6085,"Santa Clara, CA",A,00,All NAICS Sectors,A05,All Private,A1,White Alone,A0,All Ethnicities,0,All Firm Sizes,4133,2018-01-01,490165.0,Santa Clara,1922200,615912,45379,3003,685265,495455,615912,495298.0,98.9636542041357,0.795836093467898
C,Counties,6085,"Santa Clara, CA",A,00,All NAICS Sectors,A05,All Private,A2,Black or African American Alone,A0,All Ethnicities,0,All Firm Sizes,4133,2018-01-01,37127.0,Santa Clara,1922200,615912,45379,3003,685265,495455,45379,38703.0,95.92796424049816,0.8181537715683466
C,Counties,6085,"Santa Clara, CA",A,00,All NAICS Sectors,A05,All Private,A3,American Indian or Alaska Native Alone,A0,All Ethnicities,0,All Firm Sizes,4133,2018-01-01,9786.0,Santa Clara,1922200,615912,45379,3003,685265,495455,3003,10152.0,96.39479905437352,3.2587412587412588
C,Counties,6085,"Santa Clara, CA",A,00,All NAICS Sectors,A05,All Private,A4,Asian Alone,A0,All Ethnicities,0,All Firm Sizes,4133,2018-01-01,324021.0,Santa Clara,1922200,615912,45379,3003,685265,495455,685265,337204.0,96.09049714712755,0.47284043399268894
C,Counties,6095,"Solano, CA",A,00,All NAICS Sectors,A05,All Private,A1,White Alone,A0,All Ethnicities,0,All Firm Sizes,4133,2018-01-01,65439.0,Solano,438530,168870,59500,1258,65994,114406,168870,65628.0,99.71201316511245,0.3875111032154912
C,Counties,6095,"Solano, CA",A,00,All NAICS Sectors,A05,All Private,A2,Black or African American Alone,A0,All Ethnicities,0,All Firm Sizes,4133,2018-01-01,9873.0,Solano,438530,168870,59500,1258,65994,114406,59500,10218.0,96.62360540223136,0.1659327731092437
C,Counties,6095,"Solano, CA",A,00,All NAICS Sectors,A05,All Private,A3,American Indian or Alaska Native Alone,A0,All Ethnicities,0,All Firm Sizes,4133,2018-01-01,1474.0,Solano,438530,168870,59500,1258,65994,114406,1258,1513.0,97.42233972240581,1.1717011128775834
C,Counties,6095,"Solano, CA",A,00,All NAICS Sectors,A05,All Private,A4,Asian Alone,A0,All Ethnicities,0,All Firm Sizes,4133,2018-01-01,17329.0,Solano,438530,168870,59500,1258,65994,114406,65994,17890.0,96.8641699273337,0.26258447737673124
C,Counties,6097,"Sonoma, CA",A,00,All NAICS Sectors,A05,All Private,A1,White Alone,A0,All Ethnicities,0,All Firm Sizes,4133,2018-01-01,123672.0,Sonoma,501317,318237,7192,2068,19720,132985,318237,127173.0,97.24705715835908,0.38861603144826024
C,Counties,6097,"Sonoma, CA",A,00,All NAICS Sectors,A05,All Private,A2,Black or African American Alone,A0,All Ethnicities,0,All Firm Sizes,4133,2018-01-01,6198.0,Sonoma,501317,318237,7192,2068,19720,132985,7192,6612.0,93.73865698729583,0.8617908787541713
C,Counties,6097,"Sonoma, CA",A,00,All NAICS Sectors,A05,All Private,A3,American Indian or Alaska Native Alone,A0,All Ethnicities,0,All Firm Sizes,4133,2018-01-01,2814.0,Sonoma,501317,318237,7192,2068,19720,132985,2068,2982.0,94.36619718309859,1.3607350096711799
C,Counties,6097,"Sonoma, CA",A,00,All NAICS Sectors,A05,All Private,A4,Asian Alone,A0,All Ethnicities,0,All Firm Sizes,4133,2018-01-01,13361.0,Sonoma,501317,318237,7192,2068,19720,132985,19720,13847.0,96.49021448689247,0.6775354969574037
C,Counties,6001,"Alameda, CA",A,00,All NAICS Sectors,A05,All Private,A1,White Alone,A0,All Ethnicities,0,All Firm Sizes,4133,2019-01-01,363884.0,Alameda,1656754,520447,171168,5210,496006,371019,520447,363884.0,100.0,0.6991759007161152
C,Counties,6001,"Alameda, CA",A,00,All NAICS Sectors,A05,All Private,A2,Black or African American Alone,A0,All Ethnicities,0,All Firm Sizes,4133,2019-01-01,58681.0,Alameda,1656754,520447,171168,5210,496006,371019,171168,58681.0,100.0,0.3428269302673397
C,Counties,6001,"Alameda, CA",A,00,All NAICS Sectors,A05,All Private,A3,American Indian or Alaska Native Alone,A0,All Ethnicities,0,All Firm Sizes,4133,2019-01-01,8013.0,Alameda,1656754,520447,171168,5210,496006,371019,5210,8013.0,100.0,1.538003838771593
C,Counties,6001,"Alameda, CA",A,00,All NAICS Sectors,A05,All Private,A4,Asian Alone,A0,All Ethnicities,0,All Firm Sizes,4133,2019-01-01,171851.0,Alameda,1656754,520447,171168,5210,496006,371019,496006,171851.0,100.0,0.3464695991580747
C,Counties,6013,"Contra Costa, CA",A,00,All NAICS Sectors,A05,All Private,A1,White Alone,A0,All Ethnicities,0,All Firm Sizes,4133,2019-01-01,198311.0,Contra Costa,1142251,500592,95892,2278,188237,292298,500592,198311.0,100.0,0.39615295490139674
C,Counties,6013,"Contra Costa, CA",A,00,All NAICS Sectors,A05,All Private,A2,Black or African American Alone,A0,All Ethnicities,0,All Firm Sizes,4133,2019-01-01,25315.0,Contra Costa,1142251,500592,95892,2278,188237,292298,95892,25315.0,100.0,0.2639949109414758
C,Counties,6013,"Contra Costa, CA",A,00,All NAICS Sectors,A05,All Private,A3,American Indian or Alaska Native Alone,A0,All Ethnicities,0,All Firm Sizes,4133,2019-01-01,3711.0,Contra Costa,1142251,500592,95892,2278,188237,292298,2278,3711.0,100.0,1.629060579455663
C,Counties,6013,"Contra Costa, CA",A,00,All NAICS Sectors,A05,All Private,A4,Asian Alone,A0,All Ethnicities,0,All Firm Sizes,4133,2019-01-01,59839.0,Contra Costa,1142251,500592,95892,2278,188237,292298,188237,59839.0,100.0,0.31789180660550265
C,Counties,6041,"Marin, CA",A,00,All NAICS Sectors,A05,All Private,A1,White Alone,A0,All Ethnicities,0,All Firm Sizes,4133,2019-01-01,63542.0,Marin,259943,184960,5527,438,15110,41527,184960,63542.0,100.0,0.3435445501730104
C,Counties,6041,"Marin, CA",A,00,All NAICS Sectors,A05,All Private,A2,Black or African American Alone,A0,All Ethnicities,0,All Firm Sizes,4133,2019-01-01,4993.0,Marin,259943,184960,5527,438,15110,41527,5527,4993.0,100.0,0.903383390627827
C,Counties,6041,"Marin, CA",A,00,All NAICS Sectors,A05,All Private,A3,American Indian or Alaska Native Alone,A0,All Ethnicities,0,All Firm Sizes,4133,2019-01-01,1070.0,Marin,259943,184960,5527,438,15110,41527,438,1070.0,100.0,2.442922374429224
C,Counties,6041,"Marin, CA",A,00,All NAICS Sectors,A05,All Private,A4,Asian Alone,A0,All Ethnicities,0,All Firm Sizes,4133,2019-01-01,12236.0,Marin,259943,184960,5527,438,15110,41527,15110,12236.0,100.0,0.8097948378557247
C,Counties,6055,"Napa, CA",A,00,All NAICS Sectors,A05,All Private,A1,White Alone,A0,All Ethnicities,0,All Firm Sizes,4133,2019-01-01,46526.0,Napa,139623,73210,2780,407,11196,47544,73210,46526.0,100.0,0.6355142740062832
C,Counties,6055,"Napa, CA",A,00,All NAICS Sectors,A05,All Private,A2,Black or African American Alone,A0,All Ethnicities,0,All Firm Sizes,4133,2019-01-01,2817.0,Napa,139623,73210,2780,407,11196,47544,2780,2817.0,100.0,1.0133093525179857
C,Counties,6055,"Napa, CA",A,00,All NAICS Sectors,A05,All Private,A3,American Indian or Alaska Native Alone,A0,All Ethnicities,0,All Firm Sizes,4133,2019-01-01,878.0,Napa,139623,73210,2780,407,11196,47544,407,878.0,100.0,2.157248157248157
C,Counties,6055,"Napa, CA",A,00,All NAICS Sectors,A05,All Private,A4,Asian Alone,A0,All Ethnicities,0,All Firm Sizes,4133,2019-01-01,5336.0,Napa,139623,73210,2780,407,11196,47544,11196,5336.0,100.0,0.4765987852804573
C,Counties,6075,"San Francisco, CA",A,00,All NAICS Sectors,A05,All Private,A1,White Alone,A0,All Ethnicities,0,All Firm Sizes,4133,2019-01-01,341944.0,San Francisco,874961,354423,43782,1634,298108,133314,354423,341944.0,100.0,0.9647906597483797
C,Counties,6075,"San Francisco, CA",A,00,All NAICS Sectors,A05,All Private,A2,Black or African American Alone,A0,All Ethnicities,0,All Firm Sizes,4133,2019-01-01,37711.0,San Francisco,874961,354423,43782,1634,298108,133314,43782,37711.0,100.0,0.8613357087387511
C,Counties,6075,"San Francisco, CA",A,00,All NAICS Sectors,A05,All Private,A3,American Indian or Alaska Native Alone,A0,All Ethnicities,0,All Firm Sizes,4133,2019-01-01,5060.0,San Francisco,874961,354423,43782,1634,298108,133314,1634,5060.0,100.0,3.0966952264381886
C,Counties,6075,"San Francisco, CA",A,00,All NAICS Sectors,A05,All Private,A4,Asian Alone,A0,All Ethnicities,0,All Firm Sizes,4133,2019-01-01,172972.0,San Francisco,874961,354423,43782,1634,298108,133314,298108,172972.0,100.0,0.5802326673554551
C,Counties,6081,"San Mateo, CA",A,00,All NAICS Sectors,A05,All Private,A1,White Alone,A0,All Ethnicities,0,All Firm Sizes,4133,2019-01-01,200685.0,San Mateo,767423,301123,16718,1158,217287,187248,301123,200685.0,100.0,0.66645523590028
C,Counties,6081,"San Mateo, CA",A,00,All NAICS Sectors,A05,All Private,A2,Black or African American Alone,A0,All Ethnicities,0,All Firm Sizes,4133,2019-01-01,17746.0,San Mateo,767423,301123,16718,1158,217287,187248,16718,17746.0,100.0,1.0614906089245124
C,Counties,6081,"San Mateo, CA",A,00,All NAICS Sectors,A05,All Private,A3,American Indian or Alaska Native Alone,A0,All Ethnicities,0,All Firm Sizes,4133,2019-01-01,3321.0,San Mateo,767423,301123,16718,1158,217287,187248,1158,3321.0,100.0,2.8678756476683938
C,Counties,6081,"San Mateo, CA",A,00,All NAICS Sectors,A05,All Private,A4,Asian Alone,A0,All Ethnicities,0,All Firm Sizes,4133,2019-01-01,116318.0,San Mateo,767423,301123,16718,1158,217287,187248,217287,116318.0,100.0,0.5353196463663266
C,Counties,6085,"Santa Clara, CA",A,00,All NAICS Sectors,A05,All Private,A1,White Alone,A0,All Ethnicities,0,All Firm Sizes,4133,2019-01-01,495298.0,Santa Clara,1927470,607903,45259,3366,699290,490978,607903,495298.0,100.0,0.8147648555772878
C,Counties,6085,"Santa Clara, CA",A,00,All NAICS Sectors,A05,All Private,A2,Black or African American Alone,A0,All Ethnicities,0,All Firm Sizes,4133,2019-01-01,38703.0,Santa Clara,1927470,607903,45259,3366,699290,490978,45259,38703.0,100.0,0.8551448330718752
C,Counties,6085,"Santa Clara, CA",A,00,All NAICS Sectors,A05,All Private,A3,American Indian or Alaska Native Alone,A0,All Ethnicities,0,All Firm Sizes,4133,2019-01-01,10152.0,Santa Clara,1927470,607903,45259,3366,699290,490978,3366,10152.0,100.0,3.016042780748663
C,Counties,6085,"Santa Clara, CA",A,00,All NAICS Sectors,A05,All Private,A4,Asian Alone,A0,All Ethnicities,0,All Firm Sizes,4133,2019-01-01,337204.0,Santa Clara,1927470,607903,45259,3366,699290,490978,699290,337204.0,100.0,0.48220909779919635
C,Counties,6095,"Solano, CA",A,00,All NAICS Sectors,A05,All Private,A1,White Alone,A0,All Ethnicities,0,All Firm Sizes,4133,2019-01-01,65628.0,Solano,441829,168060,59652,1254,66247,116869,168060,65628.0,100.0,0.39050339164584075
C,Counties,6095,"Solano, CA",A,00,All NAICS Sectors,A05,All Private,A2,Black or African American Alone,A0,All Ethnicities,0,All Firm Sizes,4133,2019-01-01,10218.0,Solano,441829,168060,59652,1254,66247,116869,59652,10218.0,100.0,0.17129350231341783
C,Counties,6095,"Solano, CA",A,00,All NAICS Sectors,A05,All Private,A3,American Indian or Alaska Native Alone,A0,All Ethnicities,0,All Firm Sizes,4133,2019-01-01,1513.0,Solano,441829,168060,59652,1254,66247,116869,1254,1513.0,100.0,1.2065390749601277
C,Counties,6095,"Solano, CA",A,00,All NAICS Sectors,A05,All Private,A4,Asian Alone,A0,All Ethnicities,0,All Firm Sizes,4133,2019-01-01,17890.0,Solano,441829,168060,59652,1254,66247,116869,66247,17890.0,100.0,0.27004996452669555
C,Counties,6097,"Sonoma, CA",A,00,All NAICS Sectors,A05,All Private,A1,White Alone,A0,All Ethnicities,0,All Firm Sizes,4133,2019-01-01,127173.0,Sonoma,499772,316022,7399,2343,20082,133569,316022,127173.0,100.0,0.40241818607565294
C,Counties,6097,"Sonoma, CA",A,00,All NAICS Sectors,A05,All Private,A2,Black or African American Alone,A0,All Ethnicities,0,All Firm Sizes,4133,2019-01-01,6612.0,Sonoma,499772,316022,7399,2343,20082,133569,7399,6612.0,100.0,0.8936342749020137
C,Counties,6097,"Sonoma, CA",A,00,All NAICS Sectors,A05,All Private,A3,American Indian or Alaska Native Alone,A0,All Ethnicities,0,All Firm Sizes,4133,2019-01-01,2982.0,Sonoma,499772,316022,7399,2343,20082,133569,2343,2982.0,100.0,1.2727272727272727
C,Counties,6097,"Sonoma, CA",A,00,All NAICS Sectors,A05,All Private,A4,Asian Alone,A0,All Ethnicities,0,All Firm Sizes,4133,2019-01-01,13847.0,Sonoma,499772,316022,7399,2343,20082,133569,20082,13847.0,100.0,0.6895229558808884
C,Counties,6001,"Alameda, CA",A,00,All NAICS Sectors,A05,All Private,A1,White Alone,A0,All Ethnicities,0,All Firm Sizes,4133,2020-01-01,338499.0,Alameda,1661584,508583,167316,4942,515105,369546,508583,363884.0,93.02387574062064,0.6655727776980355
C,Counties,6001,"Alameda, CA",A,00,All NAICS Sectors,A05,All Private,A2,Black or African American Alone,A0,All Ethnicities,0,All Firm Sizes,4133,2020-01-01,54607.0,Alameda,1661584,508583,167316,4942,515105,369546,167316,58681.0,93.05737802695933,0.32637046068517056
C,Counties,6001,"Alameda, CA",A,00,All NAICS Sectors,A05,All Private,A3,American Indian or Alaska Native Alone,A0,All Ethnicities,0,All Firm Sizes,4133,2020-01-01,7479.0,Alameda,1661584,508583,167316,4942,515105,369546,4942,8013.0,93.33582927742418,1.5133549170376366
C,Counties,6001,"Alameda, CA",A,00,All NAICS Sectors,A05,All Private,A4,Asian Alone,A0,All Ethnicities,0,All Firm Sizes,4133,2020-01-01,162245.0,Alameda,1661584,508583,167316,4942,515105,369546,515105,171851.0,94.41027401644448,0.3149746168256957
C,Counties,6013,"Contra Costa, CA",A,00,All NAICS Sectors,A05,All Private,A1,White Alone,A0,All Ethnicities,0,All Firm Sizes,4133,2020-01-01,186299.0,Contra Costa,1147788,489135,94463,2198,196904,295791,489135,198311.0,93.94284734583557,0.3808744007278154
C,Counties,6013,"Contra Costa, CA",A,00,All NAICS Sectors,A05,All Private,A2,Black or African American Alone,A0,All Ethnicities,0,All Firm Sizes,4133,2020-01-01,24209.0,Contra Costa,1147788,489135,94463,2198,196904,295791,94463,25315.0,95.63104878530515,0.25628023670643535
C,Counties,6013,"Contra Costa, CA",A,00,All NAICS Sectors,A05,All Private,A3,American Indian or Alaska Native Alone,A0,All Ethnicities,0,All Firm Sizes,4133,2020-01-01,3615.0,Contra Costa,1147788,489135,94463,2198,196904,295791,2198,3711.0,97.41309620048504,1.6446769790718836
C,Counties,6013,"Contra Costa, CA",A,00,All NAICS Sectors,A05,All Private,A4,Asian Alone,A0,All Ethnicities,0,All Firm Sizes,4133,2020-01-01,55805.0,Contra Costa,1147788,489135,94463,2198,196904,295791,196904,59839.0,93.25857718210531,0.28341222118392717
C,Counties,6041,"Marin, CA",A,00,All NAICS Sectors,A05,All Private,A1,White Alone,A0,All Ethnicities,0,All Firm Sizes,4133,2020-01-01,58388.0,Marin,259441,183259,5565,246,14794,41737,183259,63542.0,91.88882943564887,0.3186091815408793
C,Counties,6041,"Marin, CA",A,00,All NAICS Sectors,A05,All Private,A2,Black or African American Alone,A0,All Ethnicities,0,All Firm Sizes,4133,2020-01-01,4694.0,Marin,259441,183259,5565,246,14794,41737,5565,4993.0,94.01161626276787,0.8434860736747529
C,Counties,6041,"Marin, CA",A,00,All NAICS Sectors,A05,All Private,A3,American Indian or Alaska Native Alone,A0,All Ethnicities,0,All Firm Sizes,4133,2020-01-01,999.0,Marin,259441,183259,5565,246,14794,41737,246,1070.0,93.3644859813084,4.060975609756097
C,Counties,6041,"Marin, CA",A,00,All NAICS Sectors,A05,All Private,A4,Asian Alone,A0,All Ethnicities,0,All Firm Sizes,4133,2020-01-01,11323.0,Marin,259441,183259,5565,246,14794,41737,14794,12236.0,92.53841124550507,0.7653778558875219
C,Counties,6055,"Napa, CA",A,00,All NAICS Sectors,A05,All Private,A1,White Alone,A0,All Ethnicities,0,All Firm Sizes,4133,2020-01-01,42603.0,Napa,138572,71817,2738,467,10383,47300,71817,46526.0,91.56815543996905,0.5932160908976983
C,Counties,6055,"Napa, CA",A,00,All NAICS Sectors,A05,All Private,A2,Black or African American Alone,A0,All Ethnicities,0,All Firm Sizes,4133,2020-01-01,2608.0,Napa,138572,71817,2738,467,10383,47300,2738,2817.0,92.58075967341142,0.9525200876552228
C,Counties,6055,"Napa, CA",A,00,All NAICS Sectors,A05,All Private,A3,American Indian or Alaska Native Alone,A0,All Ethnicities,0,All Firm Sizes,4133,2020-01-01,793.0,Napa,138572,71817,2738,467,10383,47300,467,878.0,90.31890660592255,1.6980728051391862
C,Counties,6055,"Napa, CA",A,00,All NAICS Sectors,A05,All Private,A4,Asian Alone,A0,All Ethnicities,0,All Firm Sizes,4133,2020-01-01,4995.0,Napa,138572,71817,2738,467,10383,47300,10383,5336.0,93.60944527736132,0.48107483386304534
C,Counties,6075,"San Francisco, CA",A,00,All NAICS Sectors,A05,All Private,A1,White Alone,A0,All Ethnicities,0,All Firm Sizes,4133,2020-01-01,319303.0,San Francisco,874784,348449,42803,1796,297279,132865,348449,341944.0,93.37874037854151,0.9163550476540326
C,Counties,6075,"San Francisco, CA",A,00,All NAICS Sectors,A05,All Private,A2,Black or African American Alone,A0,All Ethnicities,0,All Firm Sizes,4133,2020-01-01,34912.0,San Francisco,874784,348449,42803,1796,297279,132865,42803,37711.0,92.57776245657766,0.81564376328762
C,Counties,6075,"San Francisco, CA",A,00,All NAICS Sectors,A05,All Private,A3,American Indian or Alaska Native Alone,A0,All Ethnicities,0,All Firm Sizes,4133,2020-01-01,4549.0,San Francisco,874784,348449,42803,1796,297279,132865,1796,5060.0,89.90118577075098,2.532850779510022
C,Counties,6075,"San Francisco, CA",A,00,All NAICS Sectors,A05,All Private,A4,Asian Alone,A0,All Ethnicities,0,All Firm Sizes,4133,2020-01-01,162777.0,San Francisco,874784,348449,42803,1796,297279,132865,297279,172972.0,94.10598247115139,0.5475563359672228
C,Counties,6081,"San Mateo, CA",A,00,All NAICS Sectors,A05,All Private,A1,White Alone,A0,All Ethnicities,0,All Firm Sizes,4133,2020-01-01,189662.0,San Mateo,765623,295172,16772,1021,222208,184490,295172,200685.0,94.50731245484216,0.6425473960944805
C,Counties,6081,"San Mateo, CA",A,00,All NAICS Sectors,A05,All Private,A2,Black or African American Alone,A0,All Ethnicities,0,All Firm Sizes,4133,2020-01-01,16824.0,San Mateo,765623,295172,16772,1021,222208,184490,16772,17746.0,94.80446297757241,1.0031004054376342
C,Counties,6081,"San Mateo, CA",A,00,All NAICS Sectors,A05,All Private,A3,American Indian or Alaska Native Alone,A0,All Ethnicities,0,All Firm Sizes,4133,2020-01-01,3081.0,San Mateo,765623,295172,16772,1021,222208,184490,1021,3321.0,92.77326106594398,3.0176297747306564
C,Counties,6081,"San Mateo, CA",A,00,All NAICS Sectors,A05,All Private,A4,Asian Alone,A0,All Ethnicities,0,All Firm Sizes,4133,2020-01-01,112291.0,San Mateo,765623,295172,16772,1021,222208,184490,222208,116318.0,96.53793909798999,0.5053418418778802
C,Counties,6085,"Santa Clara, CA",A,00,All NAICS Sectors,A05,All Private,A1,White Alone,A0,All Ethnicities,0,All Firm Sizes,4133,2020-01-01,470356.0,Santa Clara,1924379,589644,44917,3063,720355,482101,589644,495298.0,94.96424374820816,0.7976948803006559
C,Counties,6085,"Santa Clara, CA",A,00,All NAICS Sectors,A05,All Private,A2,Black or African American Alone,A0,All Ethnicities,0,All Firm Sizes,4133,2020-01-01,37488.0,Santa Clara,1924379,589644,44917,3063,720355,482101,44917,38703.0,96.86070847221146,0.8346060511610304
C,Counties,6085,"Santa Clara, CA",A,00,All NAICS Sectors,A05,All Private,A3,American Indian or Alaska Native Alone,A0,All Ethnicities,0,All Firm Sizes,4133,2020-01-01,9605.0,Santa Clara,1924379,589644,44917,3063,720355,482101,3063,10152.0,94.61189913317573,3.135814560888018
C,Counties,6085,"Santa Clara, CA",A,00,All NAICS Sectors,A05,All Private,A4,Asian Alone,A0,All Ethnicities,0,All Firm Sizes,4133,2020-01-01,329075.0,Santa Clara,1924379,589644,44917,3063,720355,482101,720355,337204.0,97.5892931281954,0.4568233718097327
C,Counties,6095,"Solano, CA",A,00,All NAICS Sectors,A05,All Private,A1,White Alone,A0,All Ethnicities,0,All Firm Sizes,4133,2020-01-01,61789.0,Solano,444538,165326,59249,1497,67107,119294,165326,65628.0,94.15036265008838,0.37374036751630113
C,Counties,6095,"Solano, CA",A,00,All NAICS Sectors,A05,All Private,A2,Black or African American Alone,A0,All Ethnicities,0,All Firm Sizes,4133,2020-01-01,9328.0,Solano,444538,165326,59249,1497,67107,119294,59249,10218.0,91.28988060285769,0.15743725632500127
C,Counties,6095,"Solano, CA",A,00,All NAICS Sectors,A05,All Private,A3,American Indian or Alaska Native Alone,A0,All Ethnicities,0,All Firm Sizes,4133,2020-01-01,1425.0,Solano,444538,165326,59249,1497,67107,119294,1497,1513.0,94.18374091209517,0.9519038076152304
C,Counties,6095,"Solano, CA",A,00,All NAICS Sectors,A05,All Private,A4,Asian Alone,A0,All Ethnicities,0,All Firm Sizes,4133,2020-01-01,16915.0,Solano,444538,165326,59249,1497,67107,119294,67107,17890.0,94.55002794857462,0.25206014275708943
C,Counties,6097,"Sonoma, CA",A,00,All NAICS Sectors,A05,All Private,A1,White Alone,A0,All Ethnicities,0,All Firm Sizes,4133,2020-01-01,119399.0,Sonoma,496801,310607,7380,2214,20733,134024,310607,127173.0,93.88706722338861,0.38440537399350305
C,Counties,6097,"Sonoma, CA",A,00,All NAICS Sectors,A05,All Private,A2,Black or African American Alone,A0,All Ethnicities,0,All Firm Sizes,4133,2020-01-01,6340.0,Sonoma,496801,310607,7380,2214,20733,134024,7380,6612.0,95.88626739261949,0.8590785907859079
C,Counties,6097,"Sonoma, CA",A,00,All NAICS Sectors,A05,All Private,A3,American Indian or Alaska Native Alone,A0,All Ethnicities,0,All Firm Sizes,4133,2020-01-01,2836.0,Sonoma,496801,310607,7380,2214,20733,134024,2214,2982.0,95.10395707578806,1.2809394760614272
C,Counties,6097,"Sonoma, CA",A,00,All NAICS Sectors,A05,All Private,A4,Asian Alone,A0,All Ethnicities,0,All Firm Sizes,4133,2020-01-01,13118.0,Sonoma,496801,310607,7380,2214,20733,134024,20733,13847.0,94.73532173033871,0.6327111368349974
C,Counties,6001,"Alameda, CA",A,00,All NAICS Sectors,A05,All Private,A1,White Alone,A0,All Ethnicities,0,All Firm Sizes,4133,2021-01-01,339715.0,Alameda,1673133,499730,166017,5248,524980,374542,499730,363884.0,93.35804816919678,0.6797970904288315
C,Counties,6001,"Alameda, CA",A,00,All NAICS Sectors,A05,All Private,A2,Black or African American Alone,A0,All Ethnicities,0,All Firm Sizes,4133,2021-01-01,53834.0,Alameda,1673133,499730,166017,5248,524980,374542,166017,58681.0,91.74008622893271,0.3242679966509454
C,Counties,6001,"Alameda, CA",A,00,All NAICS Sectors,A05,All Private,A3,American Indian or Alaska Native Alone,A0,All Ethnicities,0,All Firm Sizes,4133,2021-01-01,7777.0,Alameda,1673133,499730,166017,5248,524980,374542,5248,8013.0,97.0547859727942,1.4818978658536586
C,Counties,6001,"Alameda, CA",A,00,All NAICS Sectors,A05,All Private,A4,Asian Alone,A0,All Ethnicities,0,All Firm Sizes,4133,2021-01-01,166384.0,Alameda,1673133,499730,166017,5248,524980,374542,524980,171851.0,96.81875578262564,0.3169339784372738
C,Counties,6013,"Contra Costa, CA",A,00,All NAICS Sectors,A05,All Private,A1,White Alone,A0,All Ethnicities,0,All Firm Sizes,4133,2021-01-01,187032.0,Contra Costa,1161643,483519,96256,2158,203875,304321,483519,198311.0,94.31246879900762,0.3868141686262587
C,Counties,6013,"Contra Costa, CA",A,00,All NAICS Sectors,A05,All Private,A2,Black or African American Alone,A0,All Ethnicities,0,All Firm Sizes,4133,2021-01-01,24382.0,Contra Costa,1161643,483519,96256,2158,203875,304321,96256,25315.0,96.31443808018962,0.2533036901595745
C,Counties,6013,"Contra Costa, CA",A,00,All NAICS Sectors,A05,All Private,A3,American Indian or Alaska Native Alone,A0,All Ethnicities,0,All Firm Sizes,4133,2021-01-01,3685.0,Contra Costa,1161643,483519,96256,2158,203875,304321,2158,3711.0,99.2993802209647,1.7075996292863762
C,Counties,6013,"Contra Costa, CA",A,00,All NAICS Sectors,A05,All Private,A4,Asian Alone,A0,All Ethnicities,0,All Firm Sizes,4133,2021-01-01,57606.0,Contra Costa,1161643,483519,96256,2158,203875,304321,203875,59839.0,96.26831999197847,0.28255548743102393
C,Counties,6041,"Marin, CA",A,00,All NAICS Sectors,A05,All Private,A1,White Alone,A0,All Ethnicities,0,All Firm Sizes,4133,2021-01-01,58966.0,Marin,262387,182830,5508,274,15693,43043,182830,63542.0,92.79846400805766,0.3225181862932779
C,Counties,6041,"Marin, CA",A,00,All NAICS Sectors,A05,All Private,A2,Black or African American Alone,A0,All Ethnicities,0,All Firm Sizes,4133,2021-01-01,4671.0,Marin,262387,182830,5508,274,15693,43043,5508,4993.0,93.55097135990387,0.8480392156862745
C,Counties,6041,"Marin, CA",A,00,All NAICS Sectors,A05,All Private,A3,American Indian or Alaska Native Alone,A0,All Ethnicities,0,All Firm Sizes,4133,2021-01-01,1027.0,Marin,262387,182830,5508,274,15693,43043,274,1070.0,95.98130841121495,3.7481751824817517
C,Counties,6041,"Marin, CA",A,00,All NAICS Sectors,A05,All Private,A4,Asian Alone,A0,All Ethnicities,0,All Firm Sizes,4133,2021-01-01,11687.0,Marin,262387,182830,5508,274,15693,43043,15693,12236.0,95.51323962079111,0.7447269483209074
C,Counties,6055,"Napa, CA",A,00,All NAICS Sectors,A05,All Private,A1,White Alone,A0,All Ethnicities,0,All Firm Sizes,4133,2021-01-01,40755.0,Napa,138795,70719,2750,327,10661,48198,70719,46526.0,87.59618277952113,0.5762949136724218
C,Counties,6055,"Napa, CA",A,00,All NAICS Sectors,A05,All Private,A2,Black or African American Alone,A0,All Ethnicities,0,All Firm Sizes,4133,2021-01-01,2583.0,Napa,138795,70719,2750,327,10661,48198,2750,2817.0,91.69329073482429,0.9392727272727273
C,Counties,6055,"Napa, CA",A,00,All NAICS Sectors,A05,All Private,A3,American Indian or Alaska Native Alone,A0,All Ethnicities,0,All Firm Sizes,4133,2021-01-01,777.0,Napa,138795,70719,2750,327,10661,48198,327,878.0,88.49658314350796,2.376146788990826
C,Counties,6055,"Napa, CA",A,00,All NAICS Sectors,A05,All Private,A4,Asian Alone,A0,All Ethnicities,0,All Firm Sizes,4133,2021-01-01,4957.0,Napa,138795,70719,2750,327,10661,48198,10661,5336.0,92.89730134932533,0.4649657630616265
C,Counties,6075,"San Francisco, CA",A,00,All NAICS Sectors,A05,All Private,A1,White Alone,A0,All Ethnicities,0,All Firm Sizes,4133,2021-01-01,297014.0,San Francisco,865933,339050,42642,1675,295385,133241,339050,341944.0,86.86042158950004,0.8760182863884383
C,Counties,6075,"San Francisco, CA",A,00,All NAICS Sectors,A05,All Private,A2,Black or African American Alone,A0,All Ethnicities,0,All Firm Sizes,4133,2021-01-01,32896.0,San Francisco,865933,339050,42642,1675,295385,133241,42642,37711.0,87.23184216806767,0.7714459922142488
C,Counties,6075,"San Francisco, CA",A,00,All NAICS Sectors,A05,All Private,A3,American Indian or Alaska Native Alone,A0,All Ethnicities,0,All Firm Sizes,4133,2021-01-01,4273.0,San Francisco,865933,339050,42642,1675,295385,133241,1675,5060.0,84.44664031620553,2.551044776119403
C,Counties,6075,"San Francisco, CA",A,00,All NAICS Sectors,A05,All Private,A4,Asian Alone,A0,All Ethnicities,0,All Firm Sizes,4133,2021-01-01,156685.0,San Francisco,865933,339050,42642,1675,295385,133241,295385,172972.0,90.58402516014152,0.5304433197352607
C,Counties,6081,"San Mateo, CA",A,00,All NAICS Sectors,A05,All Private,A1,White Alone,A0,All Ethnicities,0,All Firm Sizes,4133,2021-01-01,186488.0,San Mateo,762488,287872,16751,1035,225352,183970,287872,200685.0,92.92572937688416,0.6478156958648288
C,Counties,6081,"San Mateo, CA",A,00,All NAICS Sectors,A05,All Private,A2,Black or African American Alone,A0,All Ethnicities,0,All Firm Sizes,4133,2021-01-01,16283.0,San Mateo,762488,287872,16751,1035,225352,183970,16751,17746.0,91.7558886509636,0.9720613694704794
C,Counties,6081,"San Mateo, CA",A,00,All NAICS Sectors,A05,All Private,A3,American Indian or Alaska Native Alone,A0,All Ethnicities,0,All Firm Sizes,4133,2021-01-01,3055.0,San Mateo,762488,287872,16751,1035,225352,183970,1035,3321.0,91.99036434808792,2.9516908212560384
C,Counties,6081,"San Mateo, CA",A,00,All NAICS Sectors,A05,All Private,A4,Asian Alone,A0,All Ethnicities,0,All Firm Sizes,4133,2021-01-01,114126.0,San Mateo,762488,287872,16751,1035,225352,183970,225352,116318.0,98.11551092694167,0.5064343782171891
C,Counties,6085,"Santa Clara, CA",A,00,All NAICS Sectors,A05,All Private,A1,White Alone,A0,All Ethnicities,0,All Firm Sizes,4133,2021-01-01,463935.0,Santa Clara,1932022,576892,44951,3057,732915,485092,576892,495298.0,93.66785248476674,0.8041973194289399
C,Counties,6085,"Santa Clara, CA",A,00,All NAICS Sectors,A05,All Private,A2,Black or African American Alone,A0,All Ethnicities,0,All Firm Sizes,4133,2021-01-01,36581.0,Santa Clara,1932022,576892,44951,3057,732915,485092,44951,38703.0,94.51722088726973,0.813797245889969
C,Counties,6085,"Santa Clara, CA",A,00,All NAICS Sectors,A05,All Private,A3,American Indian or Alaska Native Alone,A0,All Ethnicities,0,All Firm Sizes,4133,2021-01-01,9559.0,Santa Clara,1932022,576892,44951,3057,732915,485092,3057,10152.0,94.15878644602049,3.1269218187765784
C,Counties,6085,"Santa Clara, CA",A,00,All NAICS Sectors,A05,All Private,A4,Asian Alone,A0,All Ethnicities,0,All Firm Sizes,4133,2021-01-01,336954.0,Santa Clara,1932022,576892,44951,3057,732915,485092,732915,337204.0,99.92586090319213,0.4597449908925319
C,Counties,6095,"Solano, CA",A,00,All NAICS Sectors,A05,All Private,A1,White Alone,A0,All Ethnicities,0,All Firm Sizes,4133,2021-01-01,62303.0,Solano,451432,163975,59348,1507,68641,124118,163975,65628.0,94.93356494179314,0.3799542613203232
C,Counties,6095,"Solano, CA",A,00,All NAICS Sectors,A05,All Private,A2,Black or African American Alone,A0,All Ethnicities,0,All Firm Sizes,4133,2021-01-01,9404.0,Solano,451432,163975,59348,1507,68641,124118,59348,10218.0,92.03366607946761,0.1584552133180562
C,Counties,6095,"Solano, CA",A,00,All NAICS Sectors,A05,All Private,A3,American Indian or Alaska Native Alone,A0,All Ethnicities,0,All Firm Sizes,4133,2021-01-01,1433.0,Solano,451432,163975,59348,1507,68641,124118,1507,1513.0,94.71249173826834,0.9508958195089582
C,Counties,6095,"Solano, CA",A,00,All NAICS Sectors,A05,All Private,A4,Asian Alone,A0,All Ethnicities,0,All Firm Sizes,4133,2021-01-01,17396.0,Solano,451432,163975,59348,1507,68641,124118,68641,17890.0,97.23868082727782,0.2534345362101368
C,Counties,6097,"Sonoma, CA",A,00,All NAICS Sectors,A05,All Private,A1,White Alone,A0,All Ethnicities,0,All Firm Sizes,4133,2021-01-01,118257.0,Sonoma,492498,303803,7190,1880,21034,135683,303803,127173.0,92.98907787030267,0.3892555373054249
C,Counties,6097,"Sonoma, CA",A,00,All NAICS Sectors,A05,All Private,A2,Black or African American Alone,A0,All Ethnicities,0,All Firm Sizes,4133,2021-01-01,6141.0,Sonoma,492498,303803,7190,1880,21034,135683,7190,6612.0,92.87658802177859,0.8541029207232267
C,Counties,6097,"Sonoma, CA",A,00,All NAICS Sectors,A05,All Private,A3,American Indian or Alaska Native Alone,A0,All Ethnicities,0,All Firm Sizes,4133,2021-01-01,2817.0,Sonoma,492498,303803,7190,1880,21034,135683,1880,2982.0,94.46680080482898,1.498404255319149
C,Counties,6097,"Sonoma, CA",A,00,All NAICS Sectors,A05,All Private,A4,Asian Alone,A0,All Ethnicities,0,All Firm Sizes,4133,2021-01-01,13316.0,Sonoma,492498,303803,7190,1880,21034,135683,21034,13847.0,96.16523434678992,0.63307026718646
C,Counties,6001,"Alameda, CA",A,00,All NAICS Sectors,A05,All Private,A1,White Alone,A0,All Ethnicities,0,All Firm Sizes,4133,2022-01-01,353839.0,Alameda,1663823,487452,165390,4870,530999,369603,487452,363884.0,97.23950489716503,0.725895062488204
C,Counties,6001,"Alameda, CA",A,00,All NAICS Sectors,A05,All Private,A2,Black or African American Alone,A0,All Ethnicities,0,All Firm Sizes,4133,2022-01-01,58276.0,Alameda,1663823,487452,165390,4870,530999,369603,165390,58681.0,99.3098277125475,0.35235503960336173
C,Counties,6001,"Alameda, CA",A,00,All NAICS Sectors,A05,All Private,A3,American Indian or Alaska Native Alone,A0,All Ethnicities,0,All Firm Sizes,4133,2022-01-01,8309.0,Alameda,1663823,487452,165390,4870,530999,369603,4870,8013.0,103.6939972544615,1.7061601642710473
C,Counties,6001,"Alameda, CA",A,00,All NAICS Sectors,A05,All Private,A4,Asian Alone,A0,All Ethnicities,0,All Firm Sizes,4133,2022-01-01,176484.0,Alameda,1663823,487452,165390,4870,530999,369603,530999,171851.0,102.69594008763406,0.33236220783843284
C,Counties,6013,"Contra Costa, CA",A,00,All NAICS Sectors,A05,All Private,A1,White Alone,A0,All Ethnicities,0,All Firm Sizes,4133,2022-01-01,195219.0,Contra Costa,1162648,471751,97612,1960,209562,306895,471751,198311.0,98.44083283327703,0.4138178827389873
C,Counties,6013,"Contra Costa, CA",A,00,All NAICS Sectors,A05,All Private,A2,Black or African American Alone,A0,All Ethnicities,0,All Firm Sizes,4133,2022-01-01,25867.0,Contra Costa,1162648,471751,97612,1960,209562,306895,97612,25315.0,102.18052538020936,0.2649981559644306
C,Counties,6013,"Contra Costa, CA",A,00,All NAICS Sectors,A05,All Private,A3,American Indian or Alaska Native Alone,A0,All Ethnicities,0,All Firm Sizes,4133,2022-01-01,3910.0,Contra Costa,1162648,471751,97612,1960,209562,306895,1960,3711.0,105.36243600107788,1.9948979591836735
C,Counties,6013,"Contra Costa, CA",A,00,All NAICS Sectors,A05,All Private,A4,Asian Alone,A0,All Ethnicities,0,All Firm Sizes,4133,2022-01-01,59800.0,Contra Costa,1162648,471751,97612,1960,209562,306895,209562,59839.0,99.93482511405605,0.28535707809621974
C,Counties,6041,"Marin, CA",A,00,All NAICS Sectors,A05,All Private,A1,White Alone,A0,All Ethnicities,0,All Firm Sizes,4133,2022-01-01,61176.0,Marin,260485,180340,5725,249,16170,43143,180340,63542.0,96.27647854962072,0.3392259066208273
C,Counties,6041,"Marin, CA",A,00,All NAICS Sectors,A05,All Private,A2,Black or African American Alone,A0,All Ethnicities,0,All Firm Sizes,4133,2022-01-01,4824.0,Marin,260485,180340,5725,249,16170,43143,5725,4993.0,96.61526136591227,0.8426200873362445
C,Counties,6041,"Marin, CA",A,00,All NAICS Sectors,A05,All Private,A3,American Indian or Alaska Native Alone,A0,All Ethnicities,0,All Firm Sizes,4133,2022-01-01,1099.0,Marin,260485,180340,5725,249,16170,43143,249,1070.0,102.71028037383178,4.413654618473895
C,Counties,6041,"Marin, CA",A,00,All NAICS Sectors,A05,All Private,A4,Asian Alone,A0,All Ethnicities,0,All Firm Sizes,4133,2022-01-01,12262.0,Marin,260485,180340,5725,249,16170,43143,16170,12236.0,100.21248774109186,0.7583178726035869
C,Counties,6055,"Napa, CA",A,00,All NAICS Sectors,A05,All Private,A1,White Alone,A0,All Ethnicities,0,All Firm Sizes,4133,2022-01-01,44059.0,Napa,137384,69244,2405,273,10866,48182,69244,46526.0,94.69758844517044,0.6362861764196176
C,Counties,6055,"Napa, CA",A,00,All NAICS Sectors,A05,All Private,A2,Black or African American Alone,A0,All Ethnicities,0,All Firm Sizes,4133,2022-01-01,2902.0,Napa,137384,69244,2405,273,10866,48182,2405,2817.0,103.0173943911963,1.2066528066528066
C,Counties,6055,"Napa, CA",A,00,All NAICS Sectors,A05,All Private,A3,American Indian or Alaska Native Alone,A0,All Ethnicities,0,All Firm Sizes,4133,2022-01-01,885.0,Napa,137384,69244,2405,273,10866,48182,273,878.0,100.79726651480638,3.241758241758242
C,Counties,6055,"Napa, CA",A,00,All NAICS Sectors,A05,All Private,A4,Asian Alone,A0,All Ethnicities,0,All Firm Sizes,4133,2022-01-01,5357.0,Napa,137384,69244,2405,273,10866,48182,10866,5336.0,100.3935532233883,0.49300570587152587
C,Counties,6075,"San Francisco, CA",A,00,All NAICS Sectors,A05,All Private,A1,White Alone,A0,All Ethnicities,0,All Firm Sizes,4133,2022-01-01,322720.0,San Francisco,851036,325900,41934,1758,294027,131517,325900,341944.0,94.37802681140771,0.9902424056459036
C,Counties,6075,"San Francisco, CA",A,00,All NAICS Sectors,A05,All Private,A2,Black or African American Alone,A0,All Ethnicities,0,All Firm Sizes,4133,2022-01-01,37052.0,San Francisco,851036,325900,41934,1758,294027,131517,41934,37711.0,98.2524992707698,0.8835789574092622
C,Counties,6075,"San Francisco, CA",A,00,All NAICS Sectors,A05,All Private,A3,American Indian or Alaska Native Alone,A0,All Ethnicities,0,All Firm Sizes,4133,2022-01-01,5036.0,San Francisco,851036,325900,41934,1758,294027,131517,1758,5060.0,99.52569169960475,2.864618885096701
C,Counties,6075,"San Francisco, CA",A,00,All NAICS Sectors,A05,All Private,A4,Asian Alone,A0,All Ethnicities,0,All Firm Sizes,4133,2022-01-01,177210.0,San Francisco,851036,325900,41934,1758,294027,131517,294027,172972.0,102.45010753185485,0.602699752063586
C,Counties,6081,"San Mateo, CA",A,00,All NAICS Sectors,A05,All Private,A1,White Alone,A0,All Ethnicities,0,All Firm Sizes,4133,2022-01-01,193250.0,San Mateo,754250,279215,16015,976,228200,180393,279215,200685.0,96.2951889777512,0.6921189764160235
C,Counties,6081,"San Mateo, CA",A,00,All NAICS Sectors,A05,All Private,A2,Black or African American Alone,A0,All Ethnicities,0,All Firm Sizes,4133,2022-01-01,17668.0,San Mateo,754250,279215,16015,976,228200,180393,16015,17746.0,99.56046432998986,1.1032157352482048
C,Counties,6081,"San Mateo, CA",A,00,All NAICS Sectors,A05,All Private,A3,American Indian or Alaska Native Alone,A0,All Ethnicities,0,All Firm Sizes,4133,2022-01-01,3331.0,San Mateo,754250,279215,16015,976,228200,180393,976,3321.0,100.30111412225233,3.4129098360655736
C,Counties,6081,"San Mateo, CA",A,00,All NAICS Sectors,A05,All Private,A4,Asian Alone,A0,All Ethnicities,0,All Firm Sizes,4133,2022-01-01,121498.0,San Mateo,754250,279215,16015,976,228200,180393,228200,116318.0,104.45330903213603,0.532418930762489
C,Counties,6085,"Santa Clara, CA",A,00,All NAICS Sectors,A05,All Private,A1,White Alone,A0,All Ethnicities,0,All Firm Sizes,4133,2022-01-01,487684.0,Santa Clara,1916831,559111,43576,2973,742635,476352,559111,495298.0,98.46274364120187,0.8722489809715781
C,Counties,6085,"Santa Clara, CA",A,00,All NAICS Sectors,A05,All Private,A2,Black or African American Alone,A0,All Ethnicities,0,All Firm Sizes,4133,2022-01-01,40385.0,Santa Clara,1916831,559111,43576,2973,742635,476352,43576,38703.0,104.34591633723484,0.9267716174040757
C,Counties,6085,"Santa Clara, CA",A,00,All NAICS Sectors,A05,All Private,A3,American Indian or Alaska Native Alone,A0,All Ethnicities,0,All Firm Sizes,4133,2022-01-01,10487.0,Santa Clara,1916831,559111,43576,2973,742635,476352,2973,10152.0,103.29984239558708,3.527413387151026
C,Counties,6085,"Santa Clara, CA",A,00,All NAICS Sectors,A05,All Private,A4,Asian Alone,A0,All Ethnicities,0,All Firm Sizes,4133,2022-01-01,354853.0,Santa Clara,1916831,559111,43576,2973,742635,476352,742635,337204.0,105.23392367824817,0.477829620203734
C,Counties,6095,"Solano, CA",A,00,All NAICS Sectors,A05,All Private,A1,White Alone,A0,All Ethnicities,0,All Firm Sizes,4133,2022-01-01,65030.0,Solano,450995,160034,58379,1592,69009,126198,160034,65628.0,99.08880355945632,0.40635115038054415
C,Counties,6095,"Solano, CA",A,00,All NAICS Sectors,A05,All Private,A2,Black or African American Alone,A0,All Ethnicities,0,All Firm Sizes,4133,2022-01-01,9938.0,Solano,450995,160034,58379,1592,69009,126198,58379,10218.0,97.25973771775298,0.17023244659894826
C,Counties,6095,"Solano, CA",A,00,All NAICS Sectors,A05,All Private,A3,American Indian or Alaska Native Alone,A0,All Ethnicities,0,All Firm Sizes,4133,2022-01-01,1522.0,Solano,450995,160034,58379,1592,69009,126198,1592,1513.0,100.59484467944482,0.9560301507537688
C,Counties,6095,"Solano, CA",A,00,All NAICS Sectors,A05,All Private,A4,Asian Alone,A0,All Ethnicities,0,All Firm Sizes,4133,2022-01-01,18153.0,Solano,450995,160034,58379,1592,69009,126198,69009,17890.0,101.47009502515371,0.26305264530713385
C,Counties,6097,"Sonoma, CA",A,00,All NAICS Sectors,A05,All Private,A1,White Alone,A0,All Ethnicities,0,All Firm Sizes,4133,2022-01-01,124248.0,Sonoma,488436,297441,7012,1527,21167,136614,297441,127173.0,97.69998348706093,0.4177231787144341
C,Counties,6097,"Sonoma, CA",A,00,All NAICS Sectors,A05,All Private,A2,Black or African American Alone,A0,All Ethnicities,0,All Firm Sizes,4133,2022-01-01,6668.0,Sonoma,488436,297441,7012,1527,21167,136614,7012,6612.0,100.84694494857833,0.9509412435824302
C,Counties,6097,"Sonoma, CA",A,00,All NAICS Sectors,A05,All Private,A3,American Indian or Alaska Native Alone,A0,All Ethnicities,0,All Firm Sizes,4133,2022-01-01,3041.0,Sonoma,488436,297441,7012,1527,21167,136614,1527,2982.0,101.97853789403084,1.9914865749836281
C,Counties,6097,"Sonoma, CA",A,00,All NAICS Sectors,A05,All Private,A4,Asian Alone,A0,All Ethnicities,0,All Firm Sizes,4133,2022-01-01,14335.0,Sonoma,488436,297441,7012,1527,21167,136614,21167,13847.0,103.52422907488987,0.6772334293948127
C,Counties,6001,"Alameda, CA",A,00,All NAICS Sectors,A05,All Private,A1,White Alone,A0,All Ethnicities,0,All Firm Sizes,4133,2023-01-01,365292.0,Alameda,1651949,466445,159042,4002,528377,385245,466445,363884.0,100.38693649624607,0.7831405631960896
C,Counties,6001,"Alameda, CA",A,00,All NAICS Sectors,A05,All Private,A2,Black or African American Alone,A0,All Ethnicities,0,All Firm Sizes,4133,2023-01-01,60730.0,Alameda,1651949,466445,159042,4002,528377,385245,159042,58681.0,103.4917605357782,0.381848819808604
C,Counties,6001,"Alameda, CA",A,00,All NAICS Sectors,A05,All Private,A3,American Indian or Alaska Native Alone,A0,All Ethnicities,0,All Firm Sizes,4133,2023-01-01,8733.0,Alameda,1651949,466445,159042,4002,528377,385245,4002,8013.0,108.98539872706851,2.18215892053973
C,Counties,6001,"Alameda, CA",A,00,All NAICS Sectors,A05,All Private,A4,Asian Alone,A0,All Ethnicities,0,All Firm Sizes,4133,2023-01-01,181163.0,Alameda,1651949,466445,159042,4002,528377,385245,528377,171851.0,105.41864754933053,0.34286693024109677
C,Counties,6013,"Contra Costa, CA",A,00,All NAICS Sectors,A05,All Private,A1,White Alone,A0,All Ethnicities,0,All Firm Sizes,4133,2023-01-01,199769.0,Contra Costa,1161458,455961,94864,1806,212373,316799,455961,198311.0,100.73520883864234,0.43812738370167625
C,Counties,6013,"Contra Costa, CA",A,00,All NAICS Sectors,A05,All Private,A2,Black or African American Alone,A0,All Ethnicities,0,All Firm Sizes,4133,2023-01-01,26850.0,Contra Costa,1161458,455961,94864,1806,212373,316799,94864,25315.0,106.06359865692276,0.2830367684263788
C,Counties,6013,"Contra Costa, CA",A,00,All NAICS Sectors,A05,All Private,A3,American Indian or Alaska Native Alone,A0,All Ethnicities,0,All Firm Sizes,4133,2023-01-01,4162.0,Contra Costa,1161458,455961,94864,1806,212373,316799,1806,3711.0,112.15305847480464,2.3045404208194906
C,Counties,6013,"Contra Costa, CA",A,00,All NAICS Sectors,A05,All Private,A4,Asian Alone,A0,All Ethnicities,0,All Firm Sizes,4133,2023-01-01,60123.0,Contra Costa,1161458,455961,94864,1806,212373,316799,212373,59839.0,100.47460686174567,0.2831009591614753
C,Counties,6041,"Marin, CA",A,00,All NAICS Sectors,A05,All Private,A1,White Alone,A0,All Ethnicities,0,All Firm Sizes,4133,2023-01-01,62441.0,Marin,258765,172256,5544,189,15755,49128,172256,63542.0,98.26728777816247,0.36248955043655956
C,Counties,6041,"Marin, CA",A,00,All NAICS Sectors,A05,All Private,A2,Black or African American Alone,A0,All Ethnicities,0,All Firm Sizes,4133,2023-01-01,4990.0,Marin,258765,172256,5544,189,15755,49128,5544,4993.0,99.93991588223513,0.90007215007215
C,Counties,6041,"Marin, CA",A,00,All NAICS Sectors,A05,All Private,A3,American Indian or Alaska Native Alone,A0,All Ethnicities,0,All Firm Sizes,4133,2023-01-01,1150.0,Marin,258765,172256,5544,189,15755,49128,189,1070.0,107.4766355140187,6.084656084656085
C,Counties,6041,"Marin, CA",A,00,All NAICS Sectors,A05,All Private,A4,Asian Alone,A0,All Ethnicities,0,All Firm Sizes,4133,2023-01-01,12288.0,Marin,258765,172256,5544,189,15755,49128,15755,12236.0,100.42497548218373,0.7799428752776896
C,Counties,6055,"Napa, CA",A,00,All NAICS Sectors,A05,All Private,A1,White Alone,A0,All Ethnicities,0,All Firm Sizes,4133,2023-01-01,45523.0,Napa,136070,67232,2440,254,10570,48801,67232,46526.0,97.8442161372136,0.6771031651594479
C,Counties,6055,"Napa, CA",A,00,All NAICS Sectors,A05,All Private,A2,Black or African American Alone,A0,All Ethnicities,0,All Firm Sizes,4133,2023-01-01,3082.0,Napa,136070,67232,2440,254,10570,48801,2440,2817.0,109.40717074902378,1.2631147540983607
C,Counties,6055,"Napa, CA",A,00,All NAICS Sectors,A05,All Private,A3,American Indian or Alaska Native Alone,A0,All Ethnicities,0,All Firm Sizes,4133,2023-01-01,944.0,Napa,136070,67232,2440,254,10570,48801,254,878.0,107.51708428246015,3.716535433070866
C,Counties,6055,"Napa, CA",A,00,All NAICS Sectors,A05,All Private,A4,Asian Alone,A0,All Ethnicities,0,All Firm Sizes,4133,2023-01-01,5801.0,Napa,136070,67232,2440,254,10570,48801,10570,5336.0,108.7143928035982,0.5488174077578051
C,Counties,6075,"San Francisco, CA",A,00,All NAICS Sectors,A05,All Private,A1,White Alone,A0,All Ethnicities,0,All Firm Sizes,4133,2023-01-01,328542.0,San Francisco,836321,313559,40243,1691,290116,133266,313559,341944.0,96.08064478394122,1.047783670696743
C,Counties,6075,"San Francisco, CA",A,00,All NAICS Sectors,A05,All Private,A2,Black or African American Alone,A0,All Ethnicities,0,All Firm Sizes,4133,2023-01-01,39176.0,San Francisco,836321,313559,40243,1691,290116,133266,40243,37711.0,103.88480814616426,0.9734860721119201
C,Counties,6075,"San Francisco, CA",A,00,All NAICS Sectors,A05,All Private,A3,American Indian or Alaska Native Alone,A0,All Ethnicities,0,All Firm Sizes,4133,2023-01-01,5320.0,San Francisco,836321,313559,40243,1691,290116,133266,1691,5060.0,105.13833992094861,3.146067415730337
C,Counties,6075,"San Francisco, CA",A,00,All NAICS Sectors,A05,All Private,A4,Asian Alone,A0,All Ethnicities,0,All Firm Sizes,4133,2023-01-01,182527.0,San Francisco,836321,313559,40243,1691,290116,133266,290116,172972.0,105.52401544758689,0.6291517875608378
C,Counties,6081,"San Mateo, CA",A,00,All NAICS Sectors,A05,All Private,A1,White Alone,A0,All Ethnicities,0,All Firm Sizes,4133,2023-01-01,196149.0,San Mateo,745100,266446,15321,898,226967,185378,266446,200685.0,97.7397413857538,0.7361679289612154
C,Counties,6081,"San Mateo, CA",A,00,All NAICS Sectors,A05,All Private,A2,Black or African American Alone,A0,All Ethnicities,0,All Firm Sizes,4133,2023-01-01,18184.0,San Mateo,745100,266446,15321,898,226967,185378,15321,17746.0,102.46816183928773,1.1868676979309445
C,Counties,6081,"San Mateo, CA",A,00,All NAICS Sectors,A05,All Private,A3,American Indian or Alaska Native Alone,A0,All Ethnicities,0,All Firm Sizes,4133,2023-01-01,3592.0,San Mateo,745100,266446,15321,898,226967,185378,898,3321.0,108.16019271303826,4.0
C,Counties,6081,"San Mateo, CA",A,00,All NAICS Sectors,A05,All Private,A4,Asian Alone,A0,All Ethnicities,0,All Firm Sizes,4133,2023-01-01,125236.0,San Mateo,745100,266446,15321,898,226967,185378,226967,116318.0,107.66691311748826,0.55178065533756
C,Counties,6085,"Santa Clara, CA",A,00,All NAICS Sectors,A05,All Private,A1,White Alone,A0,All Ethnicities,0,All Firm Sizes,4133,2023-01-01,499747.0,Santa Clara,1903297,537099,42949,2799,748112,477632,537099,495298.0,100.89824711587771,0.9304560239359969
C,Counties,6085,"Santa Clara, CA",A,00,All NAICS Sectors,A05,All Private,A2,Black or African American Alone,A0,All Ethnicities,0,All Firm Sizes,4133,2023-01-01,42721.0,Santa Clara,1903297,537099,42949,2799,748112,477632,42949,38703.0,110.38162416350154,0.9946913781461734
C,Counties,6085,"Santa Clara, CA",A,00,All NAICS Sectors,A05,All Private,A3,American Indian or Alaska Native Alone,A0,All Ethnicities,0,All Firm Sizes,4133,2023-01-01,11110.0,Santa Clara,1903297,537099,42949,2799,748112,477632,2799,10152.0,109.43656422379826,3.969274740978921
C,Counties,6085,"Santa Clara, CA",A,00,All NAICS Sectors,A05,All Private,A4,Asian Alone,A0,All Ethnicities,0,All Firm Sizes,4133,2023-01-01,369040.0,Santa Clara,1903297,537099,42949,2799,748112,477632,748112,337204.0,109.44116914390104,0.4932951215860727
C,Counties,6095,"Solano, CA",A,00,All NAICS Sectors,A05,All Private,A1,White Alone,A0,All Ethnicities,0,All Firm Sizes,4133,2023-01-01,65649.0,Solano,450824,154748,56789,1252,70209,130628,154748,65628.0,100.03199853720972,0.4242316540439941
C,Counties,6095,"Solano, CA",A,00,All NAICS Sectors,A05,All Private,A2,Black or African American Alone,A0,All Ethnicities,0,All Firm Sizes,4133,2023-01-01,10270.0,Solano,450824,154748,56789,1252,70209,130628,56789,10218.0,100.5089058524173,0.18084488193135995
C,Counties,6095,"Solano, CA",A,00,All NAICS Sectors,A05,All Private,A3,American Indian or Alaska Native Alone,A0,All Ethnicities,0,All Firm Sizes,4133,2023-01-01,1568.0,Solano,450824,154748,56789,1252,70209,130628,1252,1513.0,103.63516192994051,1.2523961661341854
C,Counties,6095,"Solano, CA",A,00,All NAICS Sectors,A05,All Private,A4,Asian Alone,A0,All Ethnicities,0,All Firm Sizes,4133,2023-01-01,18334.0,Solano,450824,154748,56789,1252,70209,130628,70209,17890.0,102.48183342649524,0.26113461237163327
C,Counties,6097,"Sonoma, CA",A,00,All NAICS Sectors,A05,All Private,A1,White Alone,A0,All Ethnicities,0,All Firm Sizes,4133,2023-01-01,125246.0,Sonoma,485642,287210,7062,1482,20857,142986,287210,127173.0,98.48474125797142,0.4360781309842972
C,Counties,6097,"Sonoma, CA",A,00,All NAICS Sectors,A05,All Private,A2,Black or African American Alone,A0,All Ethnicities,0,All Firm Sizes,4133,2023-01-01,7061.0,Sonoma,485642,287210,7062,1482,20857,142986,7062,6612.0,106.79068360556563,0.9998583970546587
C,Counties,6097,"Sonoma, CA",A,00,All NAICS Sectors,A05,All Private,A3,American Indian or Alaska Native Alone,A0,All Ethnicities,0,All Firm Sizes,4133,2023-01-01,3100.0,Sonoma,485642,287210,7062,1482,20857,142986,1482,2982.0,103.9570757880617,2.0917678812415654
C,Counties,6097,"Sonoma, CA",A,00,All NAICS Sectors,A05,All Private,A4,Asian Alone,A0,All Ethnicities,0,All Firm Sizes,4133,2023-01-01,15006.0,Sonoma,485642,287210,7062,1482,20857,142986,20857,13847.0,108.37004405286343,0.7194706813060363
C,Counties,6001,"Alameda, CA",A,00,All NAICS Sectors,A05,All Private,A1,White Alone,A0,All Ethnicities,0,All Firm Sizes,4133,2024-01-01,368279.0,Alameda,1649473,452099,154136,3417,539370,386114,452099,363884.0,101.2078024865067,0.8145981300555851
C,Counties,6001,"Alameda, CA",A,00,All NAICS Sectors,A05,All Private,A2,Black or African American Alone,A0,All Ethnicities,0,All Firm Sizes,4133,2024-01-01,61134.0,Alameda,1649473,452099,154136,3417,539370,386114,154136,58681.0,104.18022869412586,0.3966237608345876
C,Counties,6001,"Alameda, CA",A,00,All NAICS Sectors,A05,All Private,A3,American Indian or Alaska Native Alone,A0,All Ethnicities,0,All Firm Sizes,4133,2024-01-01,8911.0,Alameda,1649473,452099,154136,3417,539370,386114,3417,8013.0,111.20678896792712,2.607843137254902
C,Counties,6001,"Alameda, CA",A,00,All NAICS Sectors,A05,All Private,A4,Asian Alone,A0,All Ethnicities,0,All Firm Sizes,4133,2024-01-01,183338.0,Alameda,1649473,452099,154136,3417,539370,386114,539370,171851.0,106.68427882293383,0.33991137808925226
C,Counties,6013,"Contra Costa, CA",A,00,All NAICS Sectors,A05,All Private,A1,White Alone,A0,All Ethnicities,0,All Firm Sizes,4133,2024-01-01,198560.0,Contra Costa,1165012,443990,92564,1832,217115,321749,443990,198311.0,100.1255603572167,0.447217279668461
C,Counties,6013,"Contra Costa, CA",A,00,All NAICS Sectors,A05,All Private,A2,Black or African American Alone,A0,All Ethnicities,0,All Firm Sizes,4133,2024-01-01,26870.0,Contra Costa,1165012,443990,92564,1832,217115,321749,92564,25315.0,106.14260319968398,0.2902856402056955
C,Counties,6013,"Contra Costa, CA",A,00,All NAICS Sectors,A05,All Private,A3,American Indian or Alaska Native Alone,A0,All Ethnicities,0,All Firm Sizes,4133,2024-01-01,4186.0,Contra Costa,1165012,443990,92564,1832,217115,321749,1832,3711.0,112.79978442468337,2.284934497816594
C,Counties,6013,"Contra Costa, CA",A,00,All NAICS Sectors,A05,All Private,A4,Asian Alone,A0,All Ethnicities,0,All Firm Sizes,4133,2024-01-01,61076.0,Contra Costa,1165012,443990,92564,1832,217115,321749,217115,59839.0,102.06721369006834,0.2813071413766898
C,Counties,6041,"Marin, CA",A,00,All NAICS Sectors,A05,All Private,A1,White Alone,A0,All Ethnicities,0,All Firm Sizes,4133,2024-01-01,63371.0,Marin,257969,167816,5379,166,15705,50216,167816,63542.0,99.73088665764377,0.37762191924488725
C,Counties,6041,"Marin, CA",A,00,All NAICS Sectors,A05,All Private,A2,Black or African American Alone,A0,All Ethnicities,0,All Firm Sizes,4133,2024-01-01,5193.0,Marin,257969,167816,5379,166,15705,50216,5379,4993.0,104.00560785099138,0.9654210819854991
C,Counties,6041,"Marin, CA",A,00,All NAICS Sectors,A05,All Private,A3,American Indian or Alaska Native Alone,A0,All Ethnicities,0,All Firm Sizes,4133,2024-01-01,1211.0,Marin,257969,167816,5379,166,15705,50216,166,1070.0,113.17757009345794,7.295180722891566
C,Counties,6041,"Marin, CA",A,00,All NAICS Sectors,A05,All Private,A4,Asian Alone,A0,All Ethnicities,0,All Firm Sizes,4133,2024-01-01,12547.0,Marin,257969,167816,5379,166,15705,50216,15705,12236.0,102.54168028767572,0.7989175421840178
C,Counties,6055,"Napa, CA",A,00,All NAICS Sectors,A05,All Private,A1,White Alone,A0,All Ethnicities,0,All Firm Sizes,4133,2024-01-01,46623.0,Napa,134869,65479,2292,214,10875,49046,65479,46526.0,100.20848557795641,0.7120298110844698
C,Counties,6055,"Napa, CA",A,00,All NAICS Sectors,A05,All Private,A2,Black or African American Alone,A0,All Ethnicities,0,All Firm Sizes,4133,2024-01-01,3248.0,Napa,134869,65479,2292,214,10875,49046,2292,2817.0,115.29996450124244,1.4171029668411868
C,Counties,6055,"Napa, CA",A,00,All NAICS Sectors,A05,All Private,A3,American Indian or Alaska Native Alone,A0,All Ethnicities,0,All Firm Sizes,4133,2024-01-01,966.0,Napa,134869,65479,2292,214,10875,49046,214,878.0,110.02277904328017,4.514018691588785
C,Counties,6055,"Napa, CA",A,00,All NAICS Sectors,A05,All Private,A4,Asian Alone,A0,All Ethnicities,0,All Firm Sizes,4133,2024-01-01,5998.0,Napa,134869,65479,2292,214,10875,49046,10875,5336.0,112.40629685157421,0.5515402298850575
C,Counties,6075,"San Francisco, CA",A,00,All NAICS Sectors,A05,All Private,A1,White Alone,A0,All Ethnicities,0,All Firm Sizes,4133,2024-01-01,316227.0,San Francisco,830235,305647,38925,1520,290030,134659,305647,341944.0,92.4791778770793,1.0346150951915118
C,Counties,6075,"San Francisco, CA",A,00,All NAICS Sectors,A05,All Private,A2,Black or African American Alone,A0,All Ethnicities,0,All Firm Sizes,4133,2024-01-01,38513.0,San Francisco,830235,305647,38925,1520,290030,134659,38925,37711.0,102.12670043223461,0.9894155427103404
C,Counties,6075,"San Francisco, CA",A,00,All NAICS Sectors,A05,All Private,A3,American Indian or Alaska Native Alone,A0,All Ethnicities,0,All Firm Sizes,4133,2024-01-01,5287.0,San Francisco,830235,305647,38925,1520,290030,134659,1520,5060.0,104.48616600790514,3.4782894736842107
C,Counties,6075,"San Francisco, CA",A,00,All NAICS Sectors,A05,All Private,A4,Asian Alone,A0,All Ethnicities,0,All Firm Sizes,4133,2024-01-01,177340.0,San Francisco,830235,305647,38925,1520,290030,134659,290030,172972.0,102.52526420461115,0.6114539875185325
C,Counties,6081,"San Mateo, CA",A,00,All NAICS Sectors,A05,All Private,A1,White Alone,A0,All Ethnicities,0,All Firm Sizes,4133,2024-01-01,197444.0,San Mateo,742340,257595,14709,861,230413,184940,257595,200685.0,98.38503126790742,0.7664900328034318
C,Counties,6081,"San Mateo, CA",A,00,All NAICS Sectors,A05,All Private,A2,Black or African American Alone,A0,All Ethnicities,0,All Firm Sizes,4133,2024-01-01,18558.0,San Mateo,742340,257595,14709,861,230413,184940,14709,17746.0,104.57567902625944,1.2616765245767898
C,Counties,6081,"San Mateo, CA",A,00,All NAICS Sectors,A05,All Private,A3,American Indian or Alaska Native Alone,A0,All Ethnicities,0,All Firm Sizes,4133,2024-01-01,3705.0,San Mateo,742340,257595,14709,861,230413,184940,861,3321.0,111.56278229448961,4.303135888501743
C,Counties,6081,"San Mateo, CA",A,00,All NAICS Sectors,A05,All Private,A4,Asian Alone,A0,All Ethnicities,0,All Firm Sizes,4133,2024-01-01,124933.0,San Mateo,742340,257595,14709,861,230413,184940,230413,116318.0,107.40642033047337,0.5422133299770412
C,Counties,6085,"Santa Clara, CA",A,00,All NAICS Sectors,A05,All Private,A1,White Alone,A0,All Ethnicities,0,All Firm Sizes,4133,2024-01-01,498701.0,Santa Clara,1902047,517612,41721,3181,766176,475827,517612,495298.0,100.6870611227988,0.9634649119417633
C,Counties,6085,"Santa Clara, CA",A,00,All NAICS Sectors,A05,All Private,A2,Black or African American Alone,A0,All Ethnicities,0,All Firm Sizes,4133,2024-01-01,43196.0,Santa Clara,1902047,517612,41721,3181,766176,475827,41721,38703.0,111.60891920522957,1.0353538985163346
C,Counties,6085,"Santa Clara, CA",A,00,All NAICS Sectors,A05,All Private,A3,American Indian or Alaska Native Alone,A0,All Ethnicities,0,All Firm Sizes,4133,2024-01-01,11360.0,Santa Clara,1902047,517612,41721,3181,766176,475827,3181,10152.0,111.89913317572892,3.571204023891858
C,Counties,6085,"Santa Clara, CA",A,00,All NAICS Sectors,A05,All Private,A4,Asian Alone,A0,All Ethnicities,0,All Firm Sizes,4133,2024-01-01,370821.0,Santa Clara,1902047,517612,41721,3181,766176,475827,766176,337204.0,109.96933606956027,0.4839893183811552
C,Counties,6095,"Solano, CA",A,00,All NAICS Sectors,A05,All Private,A1,White Alone,A0,All Ethnicities,0,All Firm Sizes,4133,2024-01-01,66660.0,Solano,451918,150061,55694,1080,71955,133953,150061,65628.0,101.57249954287803,0.4442193507973424
C,Counties,6095,"Solano, CA",A,00,All NAICS Sectors,A05,All Private,A2,Black or African American Alone,A0,All Ethnicities,0,All Firm Sizes,4133,2024-01-01,10751.0,Solano,451918,150061,55694,1080,71955,133953,55694,10218.0,105.21628498727735,0.19303695191582576
C,Counties,6095,"Solano, CA",A,00,All NAICS Sectors,A05,All Private,A3,American Indian or Alaska Native Alone,A0,All Ethnicities,0,All Firm Sizes,4133,2024-01-01,1660.0,Solano,451918,150061,55694,1080,71955,133953,1080,1513.0,109.71579643093192,1.537037037037037
C,Counties,6095,"Solano, CA",A,00,All NAICS Sectors,A05,All Private,A4,Asian Alone,A0,All Ethnicities,0,All Firm Sizes,4133,2024-01-01,18966.0,Solano,451918,150061,55694,1080,71955,133953,71955,17890.0,106.01453325880381,0.2635814050448197
C,Counties,6097,"Sonoma, CA",A,00,All NAICS Sectors,A05,All Private,A1,White Alone,A0,All Ethnicities,0,All Firm Sizes,4133,2024-01-01,126331.0,Sonoma,485040,280966,7185,1486,21090,145518,280966,127173.0,99.33790977644625,0.4496309161962657
C,Counties,6097,"Sonoma, CA",A,00,All NAICS Sectors,A05,All Private,A2,Black or African American Alone,A0,All Ethnicities,0,All Firm Sizes,4133,2024-01-01,7383.0,Sonoma,485040,280966,7185,1486,21090,145518,7185,6612.0,111.6606170598911,1.0275574112734864
C,Counties,6097,"Sonoma, CA",A,00,All NAICS Sectors,A05,All Private,A3,American Indian or Alaska Native Alone,A0,All Ethnicities,0,All Firm Sizes,4133,2024-01-01,3205.0,Sonoma,485040,280966,7185,1486,21090,145518,1486,2982.0,107.47820254862508,2.1567967698519515
C,Counties,6097,"Sonoma, CA",A,00,All NAICS Sectors,A05,All Private,A4,Asian Alone,A0,All Ethnicities,0,All Firm Sizes,4133,2024-01-01,15518.0,Sonoma,485040,280966,7185,1486,21090,145518,21090,13847.0,112.06759586914133,0.7357989568515885
